nombre;lat;lng;
MERCADO DE CARAPUNGO;-0.09624;-78.4507;
DMQ-Casa Somos Carapungo;-0.0894898;-78.4522688;
San MIguel del Común Parque;-0.09374;-78.4114812;
Calderón parque;-0.1037158;-78.4236764;
Parque Cruz Roja Calderón;-0.09838;-78.4363;
Llano Chico Parque;-0.1277067;-78.4443067;
AZ Calderon Balcón Servicios;-0.10388;-78.4537;
Parque Llano Grande;-0.11438;-78.4317;
ESTADIO ATAHUALPA LLANO GRANDE;-0.1219526;-78.4139646;
Cocotog- Boulevard Garcia Moreno1;-0.13879;-78.4355;
Cocotog- Boulevard Garcia Moreno2;-0.13866;-78.4320;
Cocotog- Boulevard Garcia Moreno3;-0.13867;-78.4292683;
Cocotog- Iglesia;-0.137678;-78.4264287;
Cocotog- Estadio San Jose;-0.1401295;-78.423339;
Cocotog- Boulevard García Moreno 4;-0.13859;-78.4188;
FORESTAL;-0.258252;-78.503850;
LOS LIBERTADORES;-0.247170;-78.5371;
ORIENTAL;-0.25794;-78.5189;
MERCADO MENA DOS;-0.25826;-78.5525;
MERCADO QUITO SUR;-0.26000;-78.5310;
MERCADO DE SOLANDA;-0.26876;-78.5431;
DMQ-Ecovia-Ayapamba;-0.27866;-78.5320;
DMQ-Ecovia-Guajalo;-0.28778;-78.5379;
DMQ-Ecovia Colegio Montufar;-0.237819;-78.509517;
DMQ-Ecovia Eplicachima;-0.263730;-78.52440;
DMQ-Ecovia San Bartolo;-0.26851;-78.5275;
DMQ-Ecovia El Comercio;-0.27184;-78.5290;
DMQ-Ecovia San Cristobal;-0.28263;-78.5348;
DMQ-Trole Recreo;-0.25237;-78.5217;
DMQ-Trole Solanda;-0.270130;-78.5355;
DMQ-Trole La Colina;-0.2358;-78.5150;
DMQ-Trole Turubamba;-0.27867;-78.5428;
DMQ-Trole Ajavi;-0.26860;-78.5337;
DMQ-Trole La Internacional;-0.2660176;-78.5322016;
DMQ-Trole El Calzado;-0.2584149;-78.5261251;
DMQ-Trole El Recreo 2;-0.25183;-78.5215;
DMQ-Trole La Villaflora;-0.2444179;-78.5185936;
DMQ-Ecovia - Pujilí;-0.259460;-78.5228;
DMQ-Ecovia - Estadio Chimbacalle;-0.2452379;-78.5140551;
DMQ-Ecovia - Teatro México;-0.24056;-78.5114;
Parque Yaguachi;-0.2346396;-78.5288214;
Cancha Ciudadela México;-0.236980;-78.5110;
Parque Fulton;-0.23752;-78.5111;
Parque Plaza Magdalena;-0.2384833;-78.5256217;
Parque Spencer;-0.24026;-78.5118533;
Parque de Chimbacalle;-0.2399;-78.5147;
Parque;-0.2447;-78.5271;
Parque de los Skatepark;-0.2435;-78.5160;
Patronato San José;-0.25196;-78.5170;
Unidad Municipal de Salud;-0.25225;-78.5169;
Canchas Ferroviaria;-0.25451;-78.5129;
Parque Eloy Alfaro;-0.24267;-78.5093;
Parque 17 de Julio (La Redonda);-0.25822;-78.5168;
Parque Ecológico La Magdalena;-0.2381;-78.5262;
Parque Cacique Pintag;-0.2412;-78.5254;
Parque El Calzado;-0.25482;-78.5266;
Parque España;-0.2596902;-78.528726;
Parque de las Diversidades;-0.26110;-78.5252;
Casa Somos Ferroviaria;-0.26287;-78.5145;
Canchas Ferroviaria Alta 1;-0.26388;-78.5169;
Parque Ugalde;-0.25876;-78.5216;
Parque Chino;-0.2599135;-78.537401;
Parque de La Mena 2;-0.250586;-78.5545269;
Centro de Salud Tarqui;-0.2553;-78.5526;
Parque de La Gatazo;-0.2641064;-78.5461669;
"Centro de Educación Inicial ""Mercedes González de Moscoso""";-0.2575457;-78.5515801;
Centro Múltiple Norte;-0.2605201;-78.5494814;
Parque Remodelado Excombatientes del 41;-0.2592367;-78.5524733;
Escuela Camilo Gallegos;-0.26412;-78.5544;
Parque Solanda 2;-0.26476;-78.5388;
Parque Ciudadela El Comercio;-0.27454;-78.5430;
Escuela Nicolás Guillén;-0.2921326;-78.5247201;
"Escuela ""Capitan Alfonso Arrollo""";-0.28182;-78.5243;
Escuela Vicente Aurelio Crespo Ochoa;-0.2770552;-78.5169493;
Parque de la Ferroviaria Baja;-0.25479;-78.5179;
KENNEDY;-0.139183;-78.4791;
DMQ-Ecovía-24deMayo;-0.17451;-78.4772;
DMQ-ECOVÍA-JIPIJAPA;-0.1650;-78.4755;
Estadio de Nayón;-0.15672;-78.4345;
BELLAVISTA CANAL 8;-0.190420;-78.4718;
DMQ-Ecovía-SanMartin;-0.19201;-78.4809;
DMQ-Ecovía La Paz;-0.19649;-78.4832;
DMQ-Trole Cuero y Caicedo;-0.19190;-78.4934;
Parque El Heraldo;-0.17276;-78.4779;
NAYON;-0.17488;-78.4249;
Casa Somos Cotocog;-0.1399;-78.4263;
Parque La Quintana;-0.1279;-78.4604;
Parque El Porvenir;-0.12423;-78.5041;
Liga Barrial Monteserrín FLQ;-0.16048;-78.4574;
DMQ-Trole El Florón Sur;-0.185187;-78.490683;
DMQ-Trole Mariscal;-0.204428;-78.498992;
Parque Central Zámbiza;-0.148935;-78.440783;
Parque de la Mujer 2;-0.185122;-78.498142;
Liga Barrial EL Cisne;-0.1303;-78.51118;
Parque Liga Barrial La Campiña;-0.127705;-78.517478;
Parque de San Pedro de El Valle;-0.17284;-78.4236;
Parque Pío Jaramillo Alvarado;-0.1411;-78.4757;
Liga Barrial Kennedy 3ra Etapa.;-0.13716;-78.4743;
Parque California Bonanza;-0.13120;-78.4791;
Cocotog- Boulevard García Moreno 6;-0.13882;-78.4126;
Colegio Carlos Zambrano;-0.183351;-78.5103;
Centro Salud Las Casas;-0.17946;-78.5142;
La Comuna;-0.1894;-78.5144;
Parque Las Casas;-0.18542;-78.5075;
Centro de Salud Fray Bartolomé de Las Casas;-0.18975;-78.507;
Liga Las Casas;-0.18815;-78.5086;
Parque La Isla;-0.19170;-78.5029;
Colegio Municipal 9 de Octubre;-0.19315;-78.5091;
Parque del Agua EPMAPS;-0.18920;-78.4903;
UPC La Gasca;-0.19361;-78.5070;
Cancha Río Coca;-0.16057;-78.4707;
MIRADOR NOROCCIDENTE;-0.098756;-78.4946;
SAN ENRIQUE DE VELASCO;-0.10203;-78.5083;
CENTRO DE DESARROLLO INFANTIL COMUNITARIO;-0.10283;-78.5131;
ESCUELA LUIS TUFIÑO;-0.09293;-78.498592;
LIGA BARRIAL RACHO SAN ANTONIO ALTO FLQ;-0.10184;-78.5232;
ESTADIO DE LIGA BARRIAL COLINAS;-0.0974;-78.5141;
MERCADO VIRGEN DEL CISNE;-0.09348;-78.5165;
UNIDAD EDUCATIVA DIEGO ABAD DE CEPEDA;-0.09633;-78.5111;
ESCUELA 9 DE AGOSTO;-0.09201;-78.5031;
CANCHA DE FUTBOL;-0.09144;-78.5036;
PARQUE DEL CONCEJO;-0.07989;-78.5034;
ESTADIO-CANGAHUA;-0.08729;-78.5006;
CENTRO MEDICO SANTA HILDEGARDA;-0.0839;-78..51;
CASA SOMOS ROLDOS PISULI;-0.0846;-78.5095;
UNIDAD EDUCATIVA PISULI;-0.089608;-78.5148;
COCHA ACUSTICA PISULI;-0.0885;-78.5175;
CALACALI-ESTADIO;-0.000007;-78.5116;
Parque San José - Cotocollao;-0.12002;-78.501;
Colegio municipal cotocollao;-0.11632;-78.4854;
Parque Bellavista Alta;-0.12235;-78.5026;
Estadio Del Comité Del Pueblo;-0.12164;-78.4666;
Cuba Capilla-Centro Med;-0.06302;-78.4686;
Consejo Provincial Parque;-0.08207;-78.5032;
Cotocollao Casa Somos;-0.11065;-78.4994;
Casa Cultural Comité del Pueblo;-0.12195;-78.4638;
CDI-Iglesia;-0.10295;-78.5130;
Canchas San José Obrero;-0.11795;-78.5181;
Liga Barrial Santa María de Cotocollao;-0.12559;-78.5224;
Canchas Santa Ana Alta;-0.12133;-78.5178;
Canchas de Fútbol - Liga San Antonio de Pichincha;-0.00336;-78.4536;
Estadio Jaime Roldós Aguilera;-0.08425;-78.4658;
Colegio Angelica Idrobo;-0.10311;-78.5100;
Calle 27 de Febrero y Francisco Castellanos;-0.06086;-78.4644;
ANGAMARCA;-0.29048;-78.4245;
ALANGASI;-0.30341;-78.41429;
LIGA BARRIAL CUENDINA;-0.37077;-78.4749;
DMQ-Casa Somos Guangopolo;-0.258150;-78.451831;
Escuela General Numacuro;-0.29038;-78.5058;
Parque Alangasí;-0.30858;-78.4149;
Guangopolo Parque Central 1;-0.259020;-78.451872;
Guangopolo Estadio;-0.25789;-78.4499;
Colegio Pintag;-0.37357;-78.3732;
Iglesia de Angamarca;-0.29443;-78.4262;
Pintag Iglesia central;-0.37164;-78.375;
Alangasí calle Paulino Iza estadio;-0.291836;-78.4299;
Conocoto barrio Santa Teresita del Valle Monserrat;-0.26324;-78.5004;
Escuela Bartolome de las Casas;-0.37285;-78.4847;
Escuela Cristobal Colón;-0.36785;-78.3754;
DMQ-Ecovia-Orellana;-0.1992759;-78.4845213;
DMQ-Ecovia Manuela Cañizares;-0.20496;-78.4907;
AZ La Mariscal Balcón de servicios;-0.20642;-78.4914;
SAN JOSE DE MONJAS;-0.23316;-78.4910;
SAN JUAN;-0.2219;-78.5081;
LAS ORQUIDEAS;-0.221780;-78.489827;
Liga Barrial San Francisco FLQ;-0.246910;-78.495055;
"Liga Deportiva Barrial ""Obrero Independiente""";-0.247757;-78.486703;
MERCADO AMÉRICA;-0.2096;-78.5048;
DMQ-Ecovia Marin Central;-0.2220274;-78.5081419;
DMQ-Trole Banco Central;-0.216817;-78.505089;
DMQ-Trole Alameda Sur;-0.2137688;-78.5028087;
DMQ-Trole Ejido;-0.2103362;-78.5006675;
DMQ-Trole Hermano Miguel;-0.21785;-78.5061;
DMQ-Trole Santo Domingo;-0.22407;-78.5128;
Toctiuco 1;-0.2074557;-78.5225406;
Toctiuco 2;-0.2065102;-78.5245416;
Toctiuco 3 (Centro de Salud);-0.212556;-78.523973;
Toctiuco 4 (Parque Eugenio Espejo);-0.21326;-78.5206;
Centro de salud la Vicentina;-0.21799;-78.4848;
Centro de Salud Itchimbía;-0.2245175;-78.5052779;
Plaza de San Diego;-0.224123;-78.521165;
Parque Yavirac (El Panecillo);-0.226313;-78.520352;
Estadio de Puengasí;-0.249404;-78.5013;
Parque Obrero Independiente;-0.2445;-78.4895;
Parque todos unidos;-0.24569;-78.4913;
Parque La Vicentina;-0.21636;-78.4892;
Plaza el consuelo;-0.2175;-78.4990;
Yaku Museo del agua;-0.2170305;-78.5189705;
Parque la Alameda 1;-0.2136;-78.5025;
Parque El Ejido 3;-0.2109;-78.4988;
DMQ-EcoviaEugenioEspejo;-0.21425;-78.49871;
DMQ-Ecovia_CasadelaCultura;-0.20891;-78.4959;
CIUDADELA IBARRA;-0.2965748;-78.5637606;
LA ARCADIA;-0.307783;-78.550015;
LAS CUADRAS;-0.2810617;-78.5534445;
23 DE MAYO;-0.28714;-78.5596;
CAUPICHU;-0.3312;-78.5382;
LOS ANDES;-0.2919417;-78.5655783;
LIGA LA CONCORDIA;-0.298625;-78.5602717;
DMQ-Ecovia-Beaterio Nueva Aurora;-0.31798;-78.5490;
Parque lineal Quito Sur;-0.26004;-78.5352;
DMQ-Ecovia-Guayanay Ñan;-0.30557;-78.54310;
DMQ-Ecovia-Pacarillacta;-0.29923;-78.53936;
DMQ-Ecovia El Capuli;-0.299011;-78.541831;
DMQ-Trole Amaruñan;-0.29067;-78.5455;
DMQ-Trole Condorñan;-0.29755;-78.5499;
DMQ - Terminal Terrestre Quitumbe;-0.29521;-78.5548;
Cancha Nuevos horizontes - Colegio Marcelino Chapagnat;-0.30560;-78.5271;
"Institucion Educativa ""Luis Enrique Raza Bolaños""";-0.30007;-78.5249;
UNIDAD EDUCATIVA AURELIO BAYAS;-0.29657;-78.5314;
Parque Santa Rosa 2;-0.27431;-78.5641;
Parque Ejido;-0.29144;-78.5669;
Parque Ciudadela Ibarra;-0.296123;-78.562144;
Escuela Abdón Calderón;-0.303678;-78.558500;
Centro de Salud La Ecuatoriana;-0.310772;-78.561675;
5 DE FEBRERO;-0.310267;-78.569178;
LIBERTAD DE CHILLOGALLO;-0.28633;-78.5804;
EL TRÁNSITO;-0.287183;-78.565631;
MANUELITA SÁENZ;-0.32592;-78.57307;
QUITUS COLONIAL;-0.3073;-78.5334;
SANTOS PAMBA;-0.3322;-78.5728;
VICTORIA CENTRAL;-0,349;-78.,555;
PARQUE NUEVA AURORA;-0.319131;-78.552500;
PARQUE TERRANOVA;-0.2993;-78.5521;
PARQUE SAN FERNANDO;-0.3336;-78.5597;
CASA BARRIAL Y CANCHAS LA ECUATORIANA;-0.2997145;-78.5627951;
ESTADIO LA ECUATORIANA;-0.309575;-78.561828;
CANCHAS DE FUTBOL PUEBLO UNIDO;-0.2962;-78.5324;
CANCHAS BARRIO ECUADOR DEL FUTURO;-0.3409;-78.5410;
CANCHAS CARLOS E. FRANCO MENDEZ;-0.3158;-78.5439;
CANCHAS DEPORTIVAS LA VENECIA;-0.338017;-78.541167;
CANCHAS DE FUTBOL EL CONDE;-0.3173;-78.5355;
TUMBACO;-0.19133;-78.38279;
PUEMBO;-0.180756;-78.361800;
Puembo Parque;-0.177225;-78.359000;
Puembo Escuela;-0.174994;-78.358269;
Quito y Heladio Sánchez (Checa);-0.128153;-78.312336;
GONZALEZ SUAREZ;-0.25426;-78.5400;
MERCADO CHIRIYACU;-0.2486;-78.5179;
MERCADO LA MAGDALENA;-0.24153;-78.52986;
DMQ-Trole Chimbacalle;-0.23856;-78.5164;
DMQ-Trole Chimbacalle;-0.23960;-78.5175;
Parque Ecológico Santa Ana 1;-0.24058;-78.5204;
Parque Ecológico Santa Ana 2;-0.241298;-78.51882;
Centro de Salud Chimbacalle;-0.24454;-78.5133;
Parque Cardenal de la Torre;-0.26004;-78.5352;
MERCADO BELLAVISTA;-0.18993;-78.4714;
MERCADO SANTA CLARA;-0.1999;-78.4998;
Estación Multimodal El Labrador;-0.15464;-78.4879;
DMQ-Trole Estadio Norte;-0.17759;-78.4885;
DMQ-Trole Plaza de Toros;-0.16208;-78.4857;
Estadio Liga Barrial La Rumiñahui;-0.12353;-78.4899;
Parque Unión Nacional;-0.15787;-78.4954;
Parque México;-0.18217;-78.4734;
Cocotog- Boulevard García Moreno5;-0.13851;-78.4157;
PUERTAS DEL SOL;-0.1111;-78.4643;
COMITE DEL PUEBLO;-0.11623;-78.4630;
MERCADO COMITÉ DEL PUEBLO;-0.1190;-78.4655;
MERCADO COTOCOLLAO;-0.1158;-78.4900;
Caspigasi-Canchas;0.0106;-78.4795;
Canchas Comité del Pueblo Zona 8;-0.1253;-78.4661;
Calle B;-0.0585;-78.4657;
DMQ-Ecovia-Baca_Ortiz;-0.2024;-78.4867;
DMQ-Ecovia- De Las Universidades;-0.20822;-78.4903;
Parque Julio Andrade;-0.2011;-78.4963;
DMQ-Ecovia_CasadelaCultura;-0.2116;-78.4961;
SAN ROQUE;-0.21746;-78.522;
LA LIBERTAD;-0.23084;-78.5275;
MERCADO DE TOCTIUCO;-0.20963;-78.5221;
DMQ Casa de la Cultura;-0.21159;-78.4976;
DMQ-Ecovia Playon Marin;-0.22786;-78.5067;
SAN JOSE DE CALDERON;-0.08674;-78.4479;
Bellavista de Calderón Liga B;-0.06666;-78.4162;
Parque de Marianitas;-0.08244;-78.4183;
Carapungo Plaza Cultural;-0.0922;-78.4526;
Carapungo Parque;-0.10732;-78.4540;
Luz y Vida;-0.07261;-78.4394;
UEM Calderón;-0.07613;-78.4169;
Calderón Liga Barrial San José de C;-0.08877;-78.4405;
Oyacoto Parque Central;-0.1073;-78.3958;
Liga Deportiva Barrial Ecuador;-0.07547;-78.4452;
"Estadio ""Patrico Romero"" - Llano Grande";-0.1303;-78.4116;
Parque lineal bicentenario1;-0.06665;-78.4532;
Parque lineal bicentenario2;-0.06598;-78.4533;
Parque lineal bicentenario3;-0.06231;-78.4534;
Parque lineal bicentenario4;-0.05867;-78.4523;
Parque lineal bicentenario5;-0.05692;-78.4514;
Guagua centro ciudad bicentenario;-0.06567;-78.4513;
1ERO MAYO EL CALZADO;-0.25520;-78.5258;
MARIA ELENA SALAZAR;-0.28568;-78.5400;
UNION;-0.28213;-78.5395;
MERCADO DE LA MICHELENA;-0.24866;-78.5405;
DMQ-Trole Jefferson Perez;-0.23532;-78.5143;
DMQ-Trole España;-0.258021;-78.529804;
LLOA-CENTRO SALUD;-0.24779;-78.5804;
Canchas Barrio Nuevo;-0.25204;-78.5342;
Parque Biloxi;-0.25604;-78.5460;
SUPERMERCADO METROPOLITANO DEL NORTE (ANDALUCÍA);-0.13946;-78.5005;
MERCADO LA KENNEDY;-0.13960;-78.4780;
San Vicente Parque;-0.18016;-78.5122;
Parque La Comuna;-0.18822;-78.5163;
Escuela 29 de Junio. Rumicucho;0.0121;-78.4333;
CASA-COMUNAL;-0.0984;-78.5026;
UNIDAD EDUCATIVA;-0.0787;-78.5276;
San Antonio Barrio Sto Domingo;-0.0001;-78.4432;
Rumicucho Iglesia-estadio;0.0140;-78.4390;
Pomasqui Parque Equinoccial;-0.0394;-78.4472;
Pomasqui Parque Equinoccial 2;-0.0427;-78.4450;
Pusuquí Alto Parque;-0.0697;-78.4796;
La Josefina Parque UPC;-0.0791;-78.4730;
Parque La Bota;-0.1173;-78.4572;
Parque Central de Calacalí;0.00002;-78.5145;
DMQ-Mercado Artesanal;-0.20695;-78.4951;
Parque Gabriela Mistral;-0.20219;-78.4887;
Patio de comidas El Guambra;-0.20580;-78.4995;
MERCADO SAN ROQUE;-0.2195;-78.5255;
MERCADO SAN JUAN;-0.2100;-78.5117;
DMQ-Ecovia Cumanda;-0.22906;-78.5106;
DMQ-Trole Recoleta Sur;-0.23111;-78.5135;
SAN JUAN DE CALDERON;-0.06068;-78.4264;
San Juan de Calderón Parque-UPC;-0.06350;-78.4294;
La Pradera;-0.05690;-78.4209;
Carapungo PArque Sideral 2;-0.08911;-78.4488;
SAN ANDRES KIM;-0.27900;-78.5415;
DMQ-Trole Mayorista;-0.272558;-78.538008;
Canchas Pio XII;-0.24264;-78.5045;
Liga Barrial Cochapamba Sur;-0.15989;-78.5100;
Vía Principal Obispo Díaz de la Madrid1;-0.17962;-78.5170;
Vía Principal Obispo Díaz de la Madrid2;-0.18194;-78.5162;
Plaza el Quinde;-0.20280;-78.4910;
Centro de Salud Nueva Aurora;-0.22607;-78.5316;
Pisuli;-0.0892;-78.5205;
Liga Barrial Las Tolas;-0.0641;-78.4600;
La Tola 2;-0.228992;-78.503506;
La Tola 1;-0.22668;-78.5051;
Parque Metropolitano Las Cuadras Quitumbe;-0.2867;-78.5500;
HÉROES DE PAQUILLA;-0.3429;-78.5644;
EL GIRON;-0.2911;-78.5677;
MUNICIPAL TURUBAMBA;-0.314079;-78.563567;
Manxana de vivienda;-0.06736;-78.4505;
Leonidas Puebla y Lucila Cabezas. Plaza de Mariana de Jesus.;-0.08263;-78.4180;
Jipijapa y Santander. Casa Comunal;-0.06645;-78.4290;
La toma N12 y Chillogallo. Casa Comunal;-0.07685;-78.4260;
Galo Plaza e Isla Santa Ana. Parque;-0.08480;-78.449;
Francisco Robles y Galo Plaza Lasso. Parque;-0.08812;-78.4493;
Río Macul y Río Quijos. Parque;-0.09928;-78.4543;
El Vergel y el Arroyo. Parque;-0.0920;-78.4486;
ANTONIO FLORES Y ALBERTO ESPENCER. Parque;-0.0916;-78.4499;
Lizardo Garcia. Parque;-0.08968;-78.4499;
Alberto Spencer y Velasco Ibarra.;-0.08987;-78.4503;
Dirección. Casa Somos Calderón;-0.10031;-78.4211;
Padre Luis Vacarri y Río Chimbo. Parque Lineal;-0.0990;-78.4530;
Canchas de Chimbacalle,UPC,Centro de Salud de Chimbacalle;-0.24596;-78.5142;
Casa Somos Bellavista;-0.18764;-78.4734;
Jarrin alto;-0.1146;-78.4974;
Mercado;-0.0040821;-78.4444512;
60 y piquito;-0.0081;-78.4462;
Santa Clara;-0.0148;-78.4480;
Tiwinsa;-0.0974;-78.5261;
Parque Conocoto JUNTOS TE DAMOS CONECTIVIDAD;-0.2919;-78.4773;
Parque Borja Yerovi;-0.20293;-78.4962;
Parque Julio Matovelle;-0.21279;-78.5078;
Parque Gabriel García Moreno;-0.21516;-78.5072;
Plaza República;-0.21394;-78.5032;
Mirador de Guápulo;-0.20140;-78.4791;
Parque El Ejido 1;-0.21014;-78.5006;
Parque José Navarro;-0.21271;-78.4846;
NUEVA AURORA;-0.319056;-78.553097;
ADMINISTRACION ZONAL QUITUMBE;-0.295992;-78.548117;
COMITÉ PROMEJORAS BARRIO VENECIA PRIMERA ETAPA;-0.338358;-78.542078;
DMQ PARQUE CUMANDA 1;-0.22831;-78.5119;
Escuela Enma Vaca;-0.3191;-78.5270;
MERCADO SANTA MARTHA DE CHILLOGALLO;-0.276139;-78.559100;
MERCADO DE CAUPICHU;-0.329875;-78.536542;
DMQ-Ecovia-LaBretaña;-0.311936;-78.547150;
SAN JOSE DE GUAMANI;-0.3304;-78.5478;
MATILDE ALVAREZ;-0.340384;-78.5459;
TURUBAMBA DE MONJAS;-0.316792;-78.559578;
Parque Gabriel García Moreno;-0.2158;-78.5068;
ESCUELA ERNESTO CHE GEVARA;-0.328492;-78.577558;
Puembo Chiche Obrero Iglesia;-0.20383;-78.3635;
Parque para la Vida;-0.21021;-78.3826;
Barrio Chiviquí;-0.22708;-78.3877;
Plaza De Los Rituales;-0.38333;-78.5101;
Parque Central La Merced;-0.29254;-78.4005;
Carlos Mantilla, Plaza;-0.0828;-78.4371;
Liga Barrial Bellavista del Sur FLQ;-0.3331;-78.5275;
Parque Central de Tababela;-0.18559;-78.3450;
Mercado Pifo;-0.2254;-78.3370;
Casa Somos Carcelén Alto;-0.088753;-78.4649;
CHECA;-0.1258234;-78.3114236;
SJ Collaqui Iglesia-Canchas;-0.17671;-78.3975;
SANTA ROSA DE CHILLOGALLO;-0.29502;-78.5457;
Estadio de Mangahuantag;-0.17280;-78.3719;
Tola Chica 3;-0.21992;-78.3738;
ESC. GLEN SIDE FE Y ALEGRIA;-0.3348;-78.3837;
Escuela Afraser;-0.3073;-78.3975;
LLOA-PARQUE;-0.24798;-78.5827;
Parque Santa Ana;-0.23870;-78.5199;
DMQ-Casa Somos Roldos Pisuli;-0.084474;-78.509603;
Parque Oyambarillo;-0.19529;-78.33111;
Mercado Central de Tumbaco;-0.185466;-78.318169;
San Roque 3 (Unidad Metropolitana de Salud Centro);-0.2206;-78.5184;
PLAZA QUITUMBE;-0.29351;-78.5477;
Parque de Yaruqui;-0.16228965;-78.3181401;
Francisco Guañuna y Pasaje Turín. Casa Comunal.;-0.055176;-78.434255;
La concordia y Pedro Ramos. Parque;-0.09718964;-78.43573141;
Pedro Carbo Y pasaje del Corazón. Parque;-0.093003;-78.4514383;
Miguel Guarderas y José Guarderas. Parque;-0.11454167;-78.4125367;
Río Parula y Río Arajuno. Parque;-0.101739037;-78.453174;
Río Blanco y Río Mira. Parque;-0.102025;-78.451753;
Río Paute y Río Mira. Parque;-0.100255;-78.45163;
Río Chota y Río Pindo. Parque;-0.093113492;-78.451586;
Pablo Herrera y Flavio Alfaro. Parque;-0.090045;-78.45318393;
Pablo Herrera. Parque;-0.09001833;-78.4535467;
Plaza Lasso y Velasco Ibarra. Parque;-0.090119;-78.4483967;
Casa Metro Juventudes;-0.2723;-78.5361;
Upc Ferroviaria Media, Centro Municipal Inicial;-0.25687;-78.51450;
Colegios Quito. Colegio Montufar. Colegio Perez Pallares.;-0.240396;-78.510055;
Colegios Quito. Montufar y Perez Pallares. Ex escuela Argentina. Parque Fulton.;-0.238191;-78.511004;
Colegios Quito. Montufar y Perez Pallares. Ex escuela Argentina.;-0.238355;-78.512951;
Cancha Liga Barrial Media Luna;-0.2557083;-78.5201566;
Parque 17 de Julio;-0.2573965;-78.51619832;
Centro médico tipo A la raya. Capilla de la virgen del Quinche. Upc Biloxi;-0.27893;-78.51241;
Liga deportiva Eugenio Espejo. Capilla Virgen del Cisne.;-0.267331;-78.558472;
Lagunas de minería. laboratorio René Chardon;-0.27184504;-78.55571059;
Upc Santa Bárbara. Capilla de Santa Bárbara;-0.27180443;-78.55774496;
Escuela Fe y Alegría;-0.2323;-78.5282;
Parque central. Hospital del Sur;-0.2461247;-78.54016;
Guardería Angel de la Guarda. Escuela Génesis;-0.273821;-78.526318;
Colegio Gonzalo escudero.Upc la Argelia. Cuartel Eplicachima;-0.271291;-78.52327;
Escuela Nicolás Gillen Estensión;-0.291086;-78.528225;
Cristo Libertador Cacha de futbol;-0.288898;-78.53184;
Iglesia Cristobal Libertador;-0.28464;-78.51930;
Iglesia Rncho los Pinos. UPC;-0.29130;-78.51802;
UPC. Casa Barrial.Liga barrial Argelia Alta. Unidad Educativa. Iglesia Sagrada Familia;-0.28459;-78.51923;
Casa Barrial. Cancha de Boley. Cacha de futbol;-0.28016;-78.52728;
Casa BarriaL. Canchas deportivas;-0.2916181;-78.5323563;
BELLAVISTA 1: CLEMENCIA YANEZ;-0.188233;-78.473609;
Fundación Virgen de Fatima. Refugio de Macotas. Casa Barrial;-0.27819;-78.51164;
BELLAVISTA 5: EDWIN SIMBAÑA;-0.1890;-78.4724;
BELLAVISTA 6: YADIRA CUEVA;-0.189152;-78.473121;
BELLAVISTA 7: CRISTIAN SIMBAÑA;-0.1898;-78.4722;
BELLAVISTA 8: ELVIA RONQUILLO;-0.189728;-78.472993;
BELLAVISTA 18: ALEX RONQUILLO;-0.1905;-78.4741;
BELLAVISTA 19: PATRICIA CHAUCA;-0.1890;-78.4703;
SAN ROQUE;-0.148472;-78.44264;
LA PLAYITA;-0.148415;-78.44262833;
(GARCIA MORENO Y NOGALES);-0.138483;-78.413351;
Casa comunal;-0.047863;-78.456574;
Comité promejoras;-0.118054;-78.504522;
Parque de la súper Mz. A Carcelén Bev;-0.085192;-78.469868;
Escalinata2;-0.1087;-78.4842;
Escalinata3;-0.10880595;-78.4849687;
Puertas del sol;-0.110827;-78.465696;
Señor del árbol;-0.0098467;-78.44129167;
Alcantarillas;0.00367;-78.4604559;
Comunidad;-0.01437166;-78.435403;
parque y centro de capacitación;-0.08140;-78.46794;
MI PROVIDENCIA;-0.3386;-78.4867;
CASA BARRIAL DE MIRANDA BAJO;-0.331958;-78.487802;
SFRANCISCONET;-0.3256616;-78.4756483;
PARQUE BARRIAL BARRIOS: LA SALLE 2.QUITUMBE.SALLE 1. SAN FCO.;-0.324275;-78.471848;
AMERICA;-0.29151;-78.47164;
Quito y Virgilio Flor (Checa);-0.128642;-78.308691;
Cerca a Hospital Alberto Correa Cornejo;-0.1646889;-78.318886;
17 de Septiembre y Dolorosa. Parque de Gualo;-0.141228716;-78.442149;
Escuela Pablo Neruda. Iglesia Reino de Quito.;-0.2568798;-78.5561064;
Upc La León. Colegio Sandunbilde. Casa barrial;-0.2388333;-78.5341579;
Iglesia Santa Rafaela María del Barrio Marcopamba. Upc Marcopamba y casa barrial;-0.2450786;-78.5354413;
UPC Lucha de los pobres.Iglesia Cristo Libertador. Escuela Inti;-0.2871886;-78.5310524;
Escuela Vicente Crespo. Centro de Salud. Alvergue Jesuita Para Refugiados en movilidad. Iglesia oriente Quiteño;-0.2780757;-78.5146617;
Casa Somos Trole La Magdalena;-0.2388973;-78.5251339;
Casa Somos Diversidades;-0.2613188;-78.5234514;
BELLAVISTA 3: CECILIA CHAVEZ;-0.188549;-78.470366;
SAN MIGUEL DE ZÁMBIZA;-0.149809;-78.435887;
IGLESIA BAUTISTA (GARCIA MORENO Y 29 SEPTIEMBRE);-0.138794;-78.420787;
GRADERIO CANCHA DE FUTBOL (MARIANO SIMBAÑA);-0.1396;-78.4256;
ULTIMA PARADA DE BUSES (CALLE LA LOMA);-0.140427;-78.411462;
Casa Somos Zámbiza;-0.148431;-78.442664;
Casa Somos Nayón;-0.156558;-78.439528;
Casa Somos Cocotog;-0.139821;-78.426282;
Parque las Piramides junto a la UPC;-0.086897;-78.470221;
Parque;-0.077078;-78.470221;
Boulevard barrio independencia;-0.058088;-78.455248;
Comité central;-0.125358;-78.497712;
Parque Infantil;0.005153;-78.440641;
Cenepa;0.005439;-78.448049;
Vista hermosa;-0.08621;-78.513315;
Canchas multiples;-0.095092;-78.526925;
Anita Lucia2;-0.117557;-78.519793;
Casa Somos Pomasqui;-0.057168;-78.454363;
PARADA TRANS CAPELO;-0.329489;-78.498436;
Jipijapa y los dos Rios. Parque;-0.066300443;-78.427558;
García Moreno y calle Ingahuayco. Casa Comunal;-0.123356;-78.4271083;
Pio XII. Casa Comunal;-0.063888946;-78.429877;
MERCADO CENTRAL;-0.219871;-78.507156;
MERCADO SAN FRANCISCO;-0.2199647;-78.5184176;
Calle Cuenca y Chile;-0.2184879;-78.5136587;
Plaza de las Conceptas;-0.2189442;-78.5117632;
Colegio Gonzalo Escudero . Upc Zumbagua y Balzar;-0.27127;-78.523282;
Casa Somos Chiriyacu;-0.247;-78.5184;
Parque Sodiro;-0.117267;-78.497582;
Asamblea barrial;-0.121228;-78.483626;
Cancha liga quito norte;-0.125368;-78.498346;
El manantial;-0.095131;-78.507551;
Iglesia de San Jose;-0.093191;-78.500275;
CALLE EUJENIO ESPEJO;-0.381078;-78.506258;
PLAZA VERDEPAMBA;-0.378209;-78.373813;
CANCHA DE FÚTBOL ESPACIO PÚBLICO DEPORTIVO;-0.370978;-78.50412;
ESQUINA DE LA GRUTA DEL DIVINO NIÑO LA FLORIDA;-0.366933;-78.499977;
AREAS COMUNALES;-0.365429;-78.47684;
Av. Patria;-0.208965;-78.494883;
12 de octubre;-0.20576;-78.48693;
Centro Cultural Benjamín Carrión;-0.205296;-78.497773;
Unidad Educativa Daniel E Proaño;-0.370978;-78.50412;
Unidad Educativa 10 de Agosto;-0.2125619;-78.5114643;
Unidad Educativa Pichincha;-0.2084357;-78.5199305;
Colegio Mejía;-0.2110867;-78.5041231;
Colegio Simón Bolívar;-0.2092981;-78.5025784;
Unidad Educativa Lucila Santos;-0.2463132;-78.4834717;
San Francisco;-0.220955;-78.515112;
Parque Alma Lojana;-0.2337894;-78.4826461;
Parque Cuscungo;-0.2312236;-78.4848339;
Parque San Miguel de Collacoto;-0.2464581;-78.4831606;
Punto Seguro San José de Monjas;-0.2310375;-78.4925125;
Parque Eloy Alfaro;-0.2420901;-78.4873966;
Parque José Luis Rodríguez;-0.2548883;-78.4904162;
Parque Sauces del Valle;-0.254809;-78.4872527;
Parque San Isidro de Puengasí;-0.2472668;-78.4974225;
Plaza de San Blas;-0.2175776011;-78.5054801;
Parque Julio Moreno (barrio El Dorado);-0.2149893;-78.4926082;
Parque de uso multiple Los Prados (Vicentina Baja);-0.2151274;-78.4871483;
Obelisco de La Vicentina;-0.2151274;-78.4871483;
Huancavilca y Caras;-0.2292544;-78.5235738;
MATILDE ALVAREZ;-0.342164;-78.549769;
ASOCIACION MUSHUK KAWSAY;-0.35309;-78.55826;
LA ESPERANZA DE GUAMANI ALTO;-0.33725;-78.56823;
BETHEL 3 CASCADAS;-0.3363;-78.58003;
PAMPA ECUATORIANA;-0.33692;-78.57927;
IGUALDAD SOCIAL;-0.33343;-78.57068;
UPC Guápulo;-0.2015266;-78.4763933;
Ninahuilca y Cero del Gallo. Parque;-0.093262854;-78.449979;
Coliseo. Upc Concepción del Sur. Colegio Saldumbide. Cementerio de la Magdalena;-0.2425;-78.5376;
BELLAVISTA 15: ANA TACO;-0.190936;-78.469961;
Av. Patria;-0.207601;-78.497809;
Plaza de los Presidentes;-0.206;-78.49609;
Parque Nicaragua;-0.2075928;-78.5092982;
PRIMAVERA DE CORNEJO;-0.32554;-78.561122;
LA TRINIDAD;-0.3408;-78.556;
SULTANA DE LOS ANDES;-0.34934;-78.56766;
HOSPITAL 1;-0.3061452;-78.5301715;
HOSPITAL 2;-0.305182;-78.5337684;
TAMBO DEL INCA 1;-0.29966;-78.519578;
TRÉBOLES DEL SUR;-0.312205;-78.534599;
TAMBOLLACTA;-0.289831;-78.542434;
COMITÉ PROMEJORAS CAUPICHO 2;-0.3282;-78.5382;
SANTA FE;-0.318;-78.5355;
COMITÉ PROMEJORAS ECASA;-0.3191981;-78.5335428;
BIENESTAR COMUNITARIO;-0.3553205;-78.5455118;
COMITÉ PROMEJORAS BARRIO EL SOL;-0.3548583;-78.5353885;
COMITÉ PROMEJORAS CAUPICHO 1;-0.32888;-78.5387767;
CARLOS EDUARDO FRANCO MENDEZ;-0.315278;-78.543306;
VIDA NUEVA 2;-0.35123;-78.52894;
PROMEJORAS SANTA ISABEL;-0.322796;-78.532398;
COMITÉ PROMEJORAS CAUPICHO 1;-0.32849;-78.54055;
SANTA GLORIA M21;-0.3286;-78.53001;
SAN JOSE DE GUAMANI;-0.326;-78.54869;
DORADO DEL SUR;-0.322457;-78.546114;
SANTO TOMAS NORTE;-0.3296;-78.5452;
COMITÉ PROMEJORAS SECTOR 9 LAS CUADRAS;-0.281413;-78.554576;
JULIO MATOVELLE;-0.285803;-78.563248;
Casa Somos Nueva Aurora;-0.319506;-78.551042;
Casa Somos Franco Méndez;-0.315252;-78.543324;
AUXILIARES DE ENFERMERÍA;-0.3045;-78.55927;
COMITÉ PROMEJORAS BARRIO ESPEJO;-0.30225;-78.57211;
BARRIO SAN ALFONSO (AREA COMUNAL);-0.327998;-78.576594;
La Isla - Casa Barrial;-0.213219,;-78.326447;
Capilla Buena Esperanza;-0.195939,;-78.38399;
Casa Comunal Leopoldo Chavez;-0.224298;-78.396917;
Parque de Tolagasí;-0.211;-78.4205;
Canchas Tola Grande;-0.21086;-78.37691;
Casa Social Las Marias;-0.219028,;-78.4115;
Plazoleta Noboa;-0.12268;-78.32348;
Casa barrial Cochabamba;-0.219361,;-78.402722;
Estadio Jaime del Castillo;-0.23042;-78.33606;
Coliseo de Yaruqui;-0.1646889;-78.318886;
Liga Barrial El Ejido;-0.382603;-78.509417;
Plaza Gastronómica El Tingo;-0.287703;-78.439247;
Plaza De Los Rituales;-0.384542;-78.510998;
Casa Comunal Guamaní Alto;-0.32916;-78.55924;
CASA BARRIAL DE MIRANDA;-0.33203;-78.48936;
Centro de salud Hierba Buena 2. Retén Policial;-0.275805;-78.52152;
PARQUE DEL ENCUENTRO;-0.188324;-78.50248;
Av. Patria;-0.20668246;-78.49850457;
SAN CARLOS DEL SUR;-0.3036263;-78.5338324;
LA INMACULADA;-0.314997;-78.559596;
Upc Santa Rosa de la Argelia. Escuela San Martin. Fabrica Fosforera ecuatoriana;-0.2763854;-78.5279831;
Casa Somos Ferroviaria;-0.2629412;-78.5147044;
Casa comunal;-0.104392;-78.485546;
Simón Bolívar & Manuel Durini encuesta;-0.3772815;-78.5051122;
PARQUE CENTRAL DE AMAGUAÑA;-0.3752977;-78.5056998;
CANCHA LA VICTORIA;-0.3658248;-78.4767264;
ATAHUALPA;-0.3367423;-78.4808555;
Casa Somos San Bartolo;-0.2681731;-78.5282275;
ESQUINA DEL MOVIMIENTO;-0.148256;-78.440591;
MERCADO DE CONOCOTO;-0.2974121;-78.4804314;
Unidad Educativa Pedro Jose Arteta- La Merced;-0.2912086;-78.4023073;
Alangasi Parque San Carlos;-0.296593;-78.440865;
Alangasi;-0.3065231;-78.416583;
Unidad de Salud Centro Patronato San José;-0.2206;-78.5183;
Plazuela Quishuar;-0.05289595202;-78.46316528;
Cordillera de cotocollao;-0.1268554;-78.5251475;
CALLE A;-0.3344066;-78.4402466;
Av. Patria;-0.2090995;-78.4947455;
12 de octubre;-0.2086549;-78.4914571;
12 de octubre;-0.2033973;-78.4834673;
Parque Julio Endara (sector Itchimbia);-0.2188589275;-78.49812317;
Plaza de Guápulo;-0.2009307;-78.4751278;
COMITÉ PROMEJORAS AÑORANZA;-0.3461007;-78.5646613;
COMITÉ PROMEJORES PLAN VICTORIA;-0.3441471;-78.5582774;
DOLOROSA ALTA;-0.3404015;-78.5816201;
LA COMPAÑÍA DE GUAMANI;-0.3404015;-78.5816201;
BELLAVISTA 14: ROCIO AGUIRRE;-0.1899836;-78.4699122;
BELLAVISTA 17: TNTE. EDWIN PILATAXI;-0.1912911;-78.4697553;
HEROES DE PAQUISHA;-0.3434158;-78.5623293;
PUEBLO UNIDO ALTO;-0.2978556;-78.5291886;
FUNDEPORTE;-0.2846667;-78.55191;
LA COCHA;-0.3200983;-78.52715;
SANTA ROSA DE CHILLOGALLO 1ra ETAPA;-0.278278;-78.563264;
BUENAVENTURA BAJO;-0.2815183;-78.5816833;
SAN FRANCISCO DE HUARCAY 1;-0.2954993;-78.5757141;
LA CONCORDIA;-0.2970761;-78.5608266;
Cancha de césped sintético y otras áreas recreativas.;-0.2305918;-78.3400749;
Casa Somos Yaruqui;-0.162415;-78.315491;
Dirección. Casa Somos Bicentenario;-0.066004;-78.451927;
NANEGAL-PARQUE;0.1370848;-78.6754418;
NANEGAL-ESTADIO;0.1387939;-78.6786752;
Estadio de Conocoto;-0.2975109;-78.4805576;
Fabrica Tanasa;-0.277461;-78.525689;
Centro Infantil Estrellitas del Sur;-0.277153;-78.521683;
Casa Somos Lloa;-0.2476936;-78.582705;
Casa Somos Atahualpa;-0.2490182;-78.5277045;
BELLAVISTA 11: CARLOS ESCOLA;-0.1902744,;-78.4711535;
BELLAVISTA 16: ALVARO BRMEO;-0.191247;-78.470452;
Anita Lucia1;-0.115613;-78.517616;
"AREA VERDE ""EL ARBOLITO DE GUABA""";-0.385287;-78.512342;
CASA BARRIAL DE LA VAQUERÍA;-0.3926906;-78.5026473;
PUNTO SEGURO CUENDINA;-0.3747332;-78.4809536;
EL ESTADIO DE PÍNTAG;-0.3728138;-78.3733654;
MIRADOR BARRIO CARAPUNGO ALTO.;-0.360165;-78.5115517;
VECINONET;-0.358667;-78.481333;
CASA BARRIAL CARLOS MARÍA DE LA TORRE;-0.297264;-78.43729;
IGLESIA DEL BARRIO SANTA ROSA DE CONOCOTO;-0.2909118;-78.5018429;
CANCHA DE VOLEY;-0.2883336;-78.4080687;
CASA BARRIAL;-0.2864712;-78.4713643;
CANCHAS DEL BARRIO BELLAVISTA;-0.2881167;-78.3989367;
IGLESIASAN JOSÉ COMUNA SAN PEDRO DEL TINGO.;-0.2838404;-78.436989;
LOS EUCALIPTOS. SUBCENTRO DE SALUD EL TINGO;-0.285615;-78.4401933;
CASA BARRIAL ANDALUZ;-0.2851116;-78.4828334;
Plaza veintimilla;-0.202113;-78.494263;
Parque Edén del Valle;-0.2397138;-78.4918867;
Casa Somos Puengasí;-0.2547932;-78.4870177;
Casa Somos San José de Monjas;-0.2324909;-78.4937996;
Casa Somos San Diego;-0.2239002;-78.5215867;
Casa Somos Toctiuco;-0.2080712;-78.5228477;
TIERRA MIA;-0.3397113;-78.5798312;
TURUBAMBA DE MONJAS BED;-0.32024;-78.563415;
EJERCITO 1;-0.311327;-78.548349;
COMITÉ DE INTERES SOCIAL E INTERCULTURAL RUMIÑAHUI;-0.294665;-78.576686;
PRIMICIAS DE LA CULTURA DE QUITO;-0.292423;-78.560082;
MARTHA BUCARAM;-0.295453;-78.563028;
CASA COMUNAL SAN ALFONSO;-0.321977;-78.574669;
LAURELES DEL SUR;-0.32943;-78.569349;
JARDINES DE NINALLACTA;-0.304787;-78.558624;
VISTA HERMOSA DEL SUR;-0.305159;-78.531918;
VENCEREMOS;-0.319388;-78.530485;
MIRADOR DE GUAJALO;-0.335373;-78.533437;
VALLE DEL SUR;-0.315633;-78.527486;
PANAMERICANA SUR;-0.3081632;-78.5330287;
HUERTAS DEL SUR;-0.354031;-78.529876;
GENERAL RUMIÑAHUI;-0.3421603;-78.5468245;
EL CISNE;-0.3347217;-78.5342317;
NUEVA JERUSALEM;-0.336833;-78.537611;
GARROCHAL;-0.335373;-78.533437;
JESUS DE NARAZET;-0.3204617;-78.5372015;
MUSCULOS Y RIELES;-0.330153;-78.526039;
BARRIO LOS ANDES;-0.279778;-78.565944;
Parque de Oyambarillo.;-0.1946297;-78.3317342;
Parque del barrio junto al estadio de Plazapamba.;-0.2334452;-78.3835247;
Parque central junto a la Iglesia de Mangahuantag y Centro de Salud.;-0.1688714;-78.3706329;
"""Parque el Campamento"" conocido como punto seguro del Municipio.";-0.1807363;-78.3734097;
Iglesia San José de Puembo;-0.1974874;-78.3473873;
Cancha Tola Chica 1;-0.2083801;-78.3955945;
Piscina de Pifo;-0.2231398;-78.3349631;
DMQ-Trole Plaza del Teatro;-0.2188469;-78.5088435;
DMQ-Trole Montufar;-0.221123;-78.508558;
NANEGALITO-ESTADIO;0.0604322;-78.6826878;
Casa Somos Chilibulo;-0.241936;-78.546573;
ESTADIO LIGA SAN JOSE COCOTOG (GARCIA MORENO Y JUAN ACERO);-0.1388697;-78.4226667;
INFOCENTRO - ATAHUALPA;-0.1341319;-78.3774723;
Casa del adulto mayor CalaCali;0.0010341;-78.5153065;
Escalinata1;-0.1084122;-78.485888;
Mirador de Cotocollao;-0.1157984;-78.4689074;
San Anita;0.00764;-78.468745;
Pueblo nuevo;-0.1177191;-78.5173937;
Calle F etapa 2;-0.116053;-78.518691;
Casa Somos San Antonio de Pichincha;-0.002466;-78.4501679;
Casa Somos Cotocollao;-0.1106748;-78.4996276;
Casa Somos Carcelén Bajo;-0.077213;-78.462744;
INTERSECCIÓN CON PASAJE E8A;-0.3467939;-78.4816696;
SANTA ROSA;-0.290764;-78.499537;
Parque Obrero Independiente 2;-0.2501282;-78.4959183;
Casa Somos San Marcos;-0.2250349;-78.5086151;
PEDESTALES 2 Y3;-0.3328;-78.5733;
Casa barrial barrio El Calvario;-0.1570423;-78.3193067;
LA DELICIA;-0.123028;-78.314167;
Casa Somos Tumbaco;-0.2121705;-78.4050046;
Cancha de césped sintético. junto al cuerpo de bomberos.;-0.2191685;-78.3391431;
VALLE VERDE;-0.322734;-78.5572671;
BEATERIO ALTO;-0.3039108;-78.5311965;
EL VERGEL;-0.3085073;-78.5290128;
COMITÉ PROMEJORAS ONCE DE MAYO;-0.3558;-78.5394;
CONDE 4;-0.3246322;-78.5240891;
COMITÉ PROMEJORAS SAN LUIS DE CHILLOGALLO;-0.2751708;-78.5678624;
EL GIRON;-0.2912126;-78.5687421;
PARA UN FUTURO MEJOR 9 DE DICIEMBRE;-0.2778999;-78.5764917;
COMITÉ PROMEJORAS BUENAVENTURA ALTA;-0.2791573;-78.5859142;
Cancha de uso múltiple Rojas;-0.2164321;-78.4308483;
Parque de Lumbisí;-0.2322117;-78.4483517;
Estadio Francisco Reinoso Cordero;-0.1997312;-78.4281427;
Parque del Héroe;-0.2182756;-78.4546361;
Cancha de Uso Múltiple de San Juan Bautista;-0.2046899;-78.4493481;
Parque de Recreación Familiar Rodrigo Pallares;-0.2080488;-78.459753;
Iglesia de Santa Rosa (predio privado);-0.2028391;-78.4392196;
Casa barrial junto a la Iglesia de Barrio San José;-0.164094;-78.3074482;
PANAMERICANA SUR EL BLANQUEADO;-0.3103438;-78.5395955;
Cancha de césped sintético y otras áreas recreativas.;-0.2303156;-78.3399437;
Casa Somos Guápulo;-0.1959617;-78.4753731;
NANEGALITO-PARQUE;0.0615954;-78.6823498;
Casa Somos Pifo;-0.2253634;-78.3371783;
Plaza Grande;-0.220552;-78.511897;
Calle Olmedo y Benalcazar;-0.217687;-78.511706;
Casa Somos Roldós Pisulí;-0.0857962;-78.5102774;
PLAZA SANJALOMA DE LA PARROQUIA LA MERCED QUITO;-0.2957543;-78.4095753;
Miller y Batallón Magdalena parque;-0.2283328;-78.5285831;
Calle C-10 y E-18. De la casa barrial vista hermosa al fondo..;-0.085359;-78.51496;
Unión entre la calles E1A y E1B y PANZALEO. ES PARA EL PARQUE DEL BARRIO;-0.3236618;-78.4855416;
De los muelles E3;-0.0985658;-78.4047;
Parque Comuna La Capilla, José Miguel Guarderas, junto a la iglesia de la comunidad;-0.0858684;-78.4493732;
Pedro Yerovi y A. Baldeón;-0.0886545;-78.5174105;
Isla San Cristobal e Isla Puna Parque el arbolito de la Etapa E Bajo;-0.0868245;-78.4486931;
Calle María Riofrío y Domingo segura Canchas y parque infantil;-0.0734834;-78.4397597;
Calle María Monge 293 y Juan de Salinas;-0.1065467;-78.4207719;
La Chorrera y Pasaje San Luis, Parque;-0.2639932;-78.4516811;
De los eucaliptos y algarrobos en la casa comunal del barrio;-0.0791153;-78.4498037;
Cerro del Callo y mojanda;-0.0930571;-78.4506807;
Rio Zamora N14-190, Rio Cayambe;-0.0989482;-78.4218732;
CALLE K Y CALLE C ATRAS DEL UPC ALMA LOJANA JUNTO A LA CASA BARRIAL;-0.2342599;-78.4823289;
CALLE GUACHALA Y CALLE QUERO CANCHA DE USO MULTIPLE FRENTE AL JARDIN DE INFANTES LA RAYUELA;-0.2296352;-78.4818557;
CANCHA DE FUTBOL Y PARUQE INFANTIL;-0.2300262;-78.5250355;
PARQUE CENTRAL DEL BARRIO CALLES HACIENDA MARIA Y CHACAUCO;-0.2473893;-78.4858883;
De los Nisperos E9-426 y 12 de Octubre (parada de camionetas) Cuenditrans;-0.3779516;-78.4872853;
Calle Luis Hidalgo y Juan Montalvo;-0.3749817;-78.5035318;
Lizardo Garcia CDI Luceritos de Monserrat;-0.2952902;-78.5291266;
Los Ríos y Concepción;-0.22604;-78.5058967;
MORONA SANTIAGO Y PANZALEO cancha de uso multiple;-0.3254924;-78.4763888;
Barrio Bolivar Rodríguez calle F casa S1-193 y calle C;-0.2268378;-78.4924518;
Calle Junin E3-76 y Almeida. Plaza San Marcos;-0.2248127;-78.5081144;
CALLE JUAN DE ARAGON S/N PSJ 2 - CASA BARRIAL;-0.2276656;-78.4927481;
CALLE CENEPA, E16 FRENTE A LA PANADERIA DON ROLO;-0.2327934;-78.4907913;
INICIO DE LA ESCALINATA ANTONIO SIERRA, JUNTO AL PUENTE DEL RÍO MACHANGARA;-0.2182321;-78.4853012;
MARIA BARRETO Y CALLE C FRENTE A LA TIENDA EL SURTIDO;-0.2406747;-78.4816266;
CARCHI Y NEW YORK, CASA BARRIAL;-0.2128032;-78.5104039;
Sofia Gonzalez y Juan leonidas Castillo;-0.1270268;-78.4465974;
Calle Joaquín Gallegos Calle C Via antigua a Conocoto;-0.25398;-78.4939;
Clemente Pulupa y García Moreno;-0.1282027;-78.4167386;
Av. 5 de Junio y Tejada/ Casa Comunal - lavanderías;-0.230664;-78.5154478;
Plaza Civica de Carapungo;-0.1002757;-78.4237699;
Quito Norte, calle José Mora N60-56 y Flavio Alfaro;-0.1257296;-78.4977079;
Parque Cumaná, Pedro Freile y Flavio Alfaro;-0.1236201;-78.4961459;
MACHALA Y BARTOME RUIZ, CANCHA SINTÉTICA LIGA QUITO NORTE;-0.125861;-78.498392;
Quitus y 9 de agosto;-0.1005112;-78.4231902;
CA N1 7C OE12-42 SMZFMZ11C5;-0.1146056;-78.4129802;
Cancha recuperada por el.comite de.seguridad calle N80 a lado farmacia.Heidy;-0.0945602;-78.5047198;
Galo plaza lasso y santa ana frente al parque sideral;-0.0884992;-78.4487614;
Bellavista de Calderón, calle pío XII y Roma pasaje estocolmo, el parque dentro del pasaje;-0.0596512;-78.4172567;
Avenida la bota y Luis Gómez de la torre frente al mercado de la bota;-0.1168119;-78.4579612;
Calle Los linares y 23 de abril ( iglesia del Carmen 1);-0.0960835;-78.451441;
SAN ANTONIO DE PICHINCHA, 13 DE JUNIO Y REINA DE QUITO, PARQUE LA Y;0.0000244;-78.4426388;
Panamericana Norte y Calle Atahulpa Puente 1;-0.1170233;-78.4512583;
Sauces del Valle calle B S7-306 y calle D diagonal a la Casa Barrial;-0.2539211;-78.4906512;
Calle Pedro Briceño entre Guayaquil y Vargas;-0.2156037;-78.5055174;
SEÑOR DE LA BUENA ESPERANZA;-0.3038126;-78.5327235;
SAN JOSE DE GUAMANI;-0.3302117;-78.54673;
EL ROSAL;-0.3555;-78.537611;
VECEREMOS 1;-0.3185549;-78.5361797;
Casa Somos Cochapamba;-0.158515;-78.5041617;
BARRIO LA VICENTINA CALLE ANAGOYTIA N18-146 Y PJE ANGOSTURA;-0.2161313;-78.4861046;
MALDONADO Y BORRERO/ JUNTO AL UPC;-0.2290408;-78.512737;
Lizardo García y Baquerizo Moreno. Parque;-0.0894;-78.4508;
MERCADO CUMBAYA;-0.2010547;-78.438064;
Casa Somos Solanda;-0.268341;-78.543771;
DMQ-Ecovia-Guamani 1;-0.3398073;-78.5494612;
PARQUE SAUSALITO;-0.3045997;-78.4857558;
COMPLEJO DEPORTIVO SANTA ROSA;-0.3804476;-78.4816111;
Canchas deportivas Centro de Salud;-0.2732967;-78.5185073;
Calle Giovanni Calles Lascano y Alejandro Cárdenas esquina (casa comunal);-0.239903;-78.4878293;
José Ordóñez y Diamante;-0.0841015;-78.4746611;
N83 Calle Oe13 y Calle Oe12D un parque recién construido por el centro médico santa hildegarda;-0.0831294;-78.5106341;
Áreas comunales de Jarrin alto, ubicado en la calle Bernardo de Legarda y Malearte esquina;-0.1186;-78.5044;
Cuchara N69A y Puruhanta, en el parque infantil y las canchas de boley y fútbol San Rafael;-0.1129976;-78.5053411;
Parque del barrio 23 de junio, calle Emilio Bustamante y Pedro de Ibarra;-0.1071155;-78.4985769;
calle Gonzalo Arboleda y 7 de mayo junto al sub centro de salud Puengasi 2;-0.2561914;-78.4917926;
Calle N76A Oe16;-0.098972;-78.515922;
Santa Teresa y E5 - Coliseo de Pomasqui;-0.0515756;-78.4526347;
PATAGONIA Y MILLES JUNTO AL UPC DE LA PATAGONIA;-0.2306853;-78.5224118;
Calle Twintza y Pasaje G;-0.004535;-78.4481871;
Parque, al inicio de la calle B22 - O Calle 8;-0.0951867;-78.5089073;
JUAN SOTO N5-62 y JUAN DE OBANDO MIRADOR GRADAS PARA BAJAR AL BARRIO EL PLACER;-0.2127997;-78.5222131;
Carlos Polit y Manuel Orozco Casa comunal;-0.2280534;-78.4841196;
San Rodrigo y Antonio Sierra, cancha de voley;-0.2214046;-78.4844925;
Calle a lote 28;-0.0709528;-78.4376382;
N69l y julio Ramos;-0.1105492;-78.4605586;
Diego Vaca De la Vega y Santa Teresa;-0.1075167;-78.5004783;
Av.Juan Pio Montúfar y Manuela Saenz junto a la Mz18;-0.063093;-78.4529775;
DMQ-Trole Quito Sur;-0.284136;-78.544395;
Av. José Enríquez Guerrero - Colegio Rumania;-0.0862674;-78.4712809;
John. F Kennedy;-0.1868492;-78.4805856;
Beatriz Coquilango entre la A y la B Las Violetas;-0.0114926;-78.4387803;
Barrio Doris de Mantilla del comun pasando el estadio al final del adoquinado ..en el parque recreacional de juegos infantiles y cancha multiple;-0.0961547;-78.4025141;
De los pensamientos y De las Almendras, Área verde N°5;-0.113378;-78.465732;
Rosa Campusano y Camilo Guachamin;-0.1033;-78.4869;
Ulpiano Becerra, cancha del barrio frente a la Cruz Roja;-0.1232;-78.4589;
Calle: Esteban Mosquera en la parte superior del conjunto Alba azul 2.;-0.2653921;-78.5012284;
PALTAS 56-25 Y PEDRO MON, CASA BARRIAL;-0.2247531;-78.524632;
PARQUE LINEAL SECTOR QUEBRADA EL CONEJO FRENTE A LA CALLE JOSE DE INES, SECTOR CUCHARA Y CALLE BERNARDO DAVALOS;-0.2538169;-78.4978828;
S3H Y E18E CANCHA MULTIPLE DE PATRRIMONIO FAMILIAR #3 FRENTE AL UPC;-0.234345;-78.489467;
Parque lineal , diagonal a Cruz roja de Calderón;-0.1389335;-78.4389872;
Calle ambar y Turmalina parque principal cubierta cancha;-0.0786233;-78.4724867;
Baños y Gonzalo de la Vega diagonal a la escuela San José;-0.2131457;-78.5189436;
DE LOS EUCALIPTOS, PARQUE PARADA AGUA CLARA;-0.1112032;-78.4888076;
Gral. Eloy Alfaro y Benjamin Carrión Iglesia y canchas del Barrio;-0.209349;-78.457204;
Cumbayá Calle Santa Inés y Calle Mora Estadio del barrio Santa Inés;-0.197238;-78.422824;
CALLE S43A ( S44) Y OE10F;-0.30802302;-78.571613;
TERRANOVA OE3C. CANCHA DEL BARRIO;-0.3021376;-78.5528341;
CASA BARRIAL. E4 Y S36A A UNA CUADRA DE LA IGLESIA SAN JOSE OBRERO;-0.3008;-78.5356;
PABLO GUEVARA Y ANTONIO SIERRA;-0.2174301;-78.4852752;
NATALIA VELA N18-36 ENTRE JOSE TOBAR Y CESAR ARROYO;-0.2193314;-78.4846652;
"EL PINAR Y JUAN CAMACHO COMITE BARRIAL PRO MEJORAS ""EL PINAR BAJO""";-0.2054575;-78.5246768;
AbdónCalderóny hermano Miguel;-0.3184791;-78.4850341;
junto al culebrero;-0.2213429;-78.4852487;
Parque Central el Tingo;-0.2856736;-78.4417753;
Payq;-0.0895331;-78.4680339;
E11 PAUL RIVET Y WHYMPER;-0.1947251;-78.481158;
Calle Andalucía y Mena Caamaño;-0.20943;-78.488001;
General Duma N45-42 y de las Alondras;-0.1620228;-78.4915905;
Calle teresa flor y pasaje h casa barrial san lorenzo;-0.1488096;-78.5078157;
Parque central de la Rumiñahui alta junto al UPC;-0.1260331;-78.4856233;
Carlos Bustamante y Leonardo Murialdo;-0.1339882;-78.4769859;
Eso si está. Cerbellón Urbina N57-87 y Mariano Bustamante. URB. CARLOS ANDRADE MARIN;-0.1325257;-78.4784145;
Escuela Union Sovietica;-0.159478;-78.504086;
bulevar del barrio San Pedro de Inchapicho. callesEugenio Espejoy Eucaliptos;-0.1713668;-78.4412788;
Julio Ramos y pasaje N69f parque con cancha;-0.1123183;-78.4601483;
26 de agosto N60B Barrio Occidental el bosque;-0.1252061;-78.5066469;
Iglesia del Barrio La Pulida. calle Paula Montal y Jorge Piedra Esquina;-0.1403981;-78.5074396;
De los tulipanes e10260;-0.160112;-78.4738472;
DE LOS NOGALES Y DE LOS OLIVOS AL FRENTE DE LA IGLESIA ANTIGUA DE SAN ISIDRO DEL INCA EN LA PARADA DE BUS;-0.1484032;-78.466475;
De Los Nogales y Chigualcanes. Al frente de la panaderia Alexandra;-0.145859;-78.463615;
General Urdaneta y pusir al lado del parque diagonal al Upc;-0.2693483;-78.5293217;
casa barrial barrio 14 de enero;-0.2597929;-78.5404153;
Calle Profeta Miqueas y Apóstol Andres cancha del Barrio La Garzota;-0.2685073;-78.5619849;
Calle La Tolita N26-342;-0.2046;-78.4761;
Isaac Barrera y Atahualpa;-0.141685;-78.4430434;
BARRIO SANTA ISABEL ANTIGUO CALLE PRINCESA QUILAGO Y SINCHI ROCA.JUNTO AL UPC;-0.3403905;-78.4780535;
Edén del valle E20D S4 225 S4J puente amarillo antes del peaje vía al valle de los Chillos Parroquia Puengasi;-0.2416082;-78.4852156;
De los Nisperos y 12 de Octubre (parada de Camionetas Cuenditrans);-0.377577;-78.4881912;
Serapio Japerabi y Juan Camacaro;-0.2612716;-78.5233603;
ESCUELA ARMADA NACIONAL;-0.2266;-78.5301;
San Mateo y Andromeda;-0.196734;-78.323702;
Calle Profeta Ageo y OE12G. cancha de volly y un parque con llantas de colores. justo en la parada del Corredor Sur Occidental R9;-0.2730195;-78.5643195;
calle Carlos Larrea .S 37 C parque antes de llegar al mercado;-0.2936041;-78.5629957;
Sub Centro de salud Calle. Simón Bolivar Interserccion calle Quito;-0.2572702;-78.4511296;
Eugenio Espejoy juan montalvo;-0.3080496;-78.4150933;
Carlos Bustamante Pérez y Sebastián de Benalcazar sector Cornejo Alto;-0.259376;-78.465645;
Agustín segarra y pedro cornelio;-0.1363772;-78.4790177;
Pasaje Abel gallegos y Diaz de la Madrid;-0.1838389;-78.5097994;
Manuel Serrano y La Florida (canchas);-0.1435383;-78.4942767;
Jose Borja y Joaquin Castro;-0.1181198;-78.4637242;
Barrio Santa Ana. calles Miller y Leonidas Batalla frente al UPC Santa Ana;-0.2378788;-78.5204118;
Av. Pedro Vicente Maldonado y Pujili - Parque de las Diversidades;-0.2612716;-78.5233603;
Santa María Encarnación entre Oe11B y Oe11A;-0.2701366;-78.5587905;
Turubamba Alto s26g y O3g en el Centro Cultural Turubamba;-0.2771508;-78.544438;
Av. Juan Bautista Aguirre y Ana Paredes de Alfaro;-0.2473725;-78.5072611;
Ajavi E Ignacio Arteta Pasaje S16B;-0.2673982;-78.5348275;
Ignacio Arteta S16-60 y Av. Ajaví dos cuadras antes de salir a la Av. Tnte Hugo Ortiz;-0.2677498;-78.5351725;
Manuel maría Recalde y dolores cacuango;-0.2730687;-78.5029051;
Calles Gonzales Suarez y Gabriel Garcia Moreno. cuatro esquinas;-0.3687039;-78.5022537;
Av. Principal Santa Isabel. calle los geranios. calle las rosas. calle los girasoles. calle las violetas. calle los tulipanes;-0.3340415;-78.4824658;
Calle general PINTAG y antizana cruz de VERDEPAMBA;-0.2141322;-78.5009355;
Oe6 y calle S16 C frente casa comunal;-0.2582402;-78.5427594;
S26 y E4 sede del centro cultural Kawsarina a dos cuadras del subcentro de salud;-0.2854101;-78.532287;
Cbo. Alberto Orellana S11-72 y Av. Cap. Cosme Osorio;-0.2492686;-78.5336508;
Avenida José Enríquez Guerrero y Juan de la merced. colegios Rumania y ligdano chavez;-0.0862416;-78.4681451;
ESCUIELA 24 DE MAYO GUALO, CALLES GARCIA MORENO Y 17 DE SEPTIEMBRE;-0.094744;-78.4523977;
"Pasaje ""D"" (casa comunal) y Av. Abdon Calderon";-0.3395059;-78.4881007;
Cancha de basquet Las Cuadras. Al frente del restaurante Las Cuadras Fast Food;-0.2779388;-78.5495319;
Enrique Garces y Luis A Valencia;-0.273;-78.5301;
Luciano Coral y Alcantarillas esquina. Allí está el parque del barrio;-2404;-78.5431;
Canchas Nuevas del Barrio La Florencia. calle Oe2E y calle S60D.le;-0.3476109;-78.5527859;
S37 y línea ferrea. UPC CONFITECA. parque de la coop.UFO;-0.300928;-78.5527859;
Iglesia Virgen del Cisne.Escuela Camilo Gallegos;-0.2664982;-78.5585306;
MERCADO LAS CUADRAS ( Academia Traversari);-0.2809054;-78.5570594;
24 de Junio y Fernando Ortiz. Casa Comunal.;-0.0554813;-78.4289243;
Los Nogales y Granados. Casa Comunal;-0.0554813;-78.4289243;
Casa Barrial. Liga deportiva;-0.2854654;-78.5397318;
BELLAVISTA 2: SANTIAGO ROSERO;-0.1884708;-78.4719169;
BELLAVISTA 4: ELSA TALLANA;-0.1892832;-78.4710912;
BELLAVISTA 9: CRISTIAN SIMBAÑA;-0.1901783;-78.4714519;
BELLAVISTA 10: PATRICIO GARCIA;-0.191125;-78.47095;
BELLAVISTA 12: JIMENA REA;-0.1914771;-78.4718974;
DMQ-Ecovia Marin Central;-0.2219004;-78.5085814;
Yaku Museo del agua;-0.2174418;-78.5192406;
Parque todos unidos;-0.2462084;-78.4913113;
Parque Julio Andrade;-0.2021358;-78.4961244;
DMQ-Trole Recoleta Norte;-0.2302851;-78.5126318;
San Juan;-0.2153418;-78.5156594;
San Roque 1;-0.2184487;-78.522117;
Parque Julio Matovelle;-0.2136587;-78.5080518;
PAdre Luis Vacarri y Río Cayambe. Plaza Civica;-0.0961016;-78.4528245;
17 de Septiembre y Helio Humberto hinojosa. Parque Central;-0.1271143;-78.4441687;
Plaza República;-0.2136181;-78.503299;
Parque Central de Tumbaco;-0.213611;-78.413919;
Parque San Pedro de Amaguaña;-0.3756002;-78.5064577;
Parque Central Cumbayá;-0.201334045;-78.429091;
Parque Centra de Pifo;-0.225573;-78.338473;
ELOY ALFARO;-0.2401443;-78.5181136;
Velasco Ibarra y Calle A. Cancha de voley;-0.1260592;-78.4521018;
24 de Junio y pasaje Isidro Labrador. Casa Comunal;-0.0563703;-78.428076;
Casa Somos Alangasí;-0.3087477;-78.4158858;
Av Velasco Ibarra y Olivos. Conjuntos Carmen Amelia;-0.1276647;-78.4557634;
Plaza el consuelo;-0.2173143;-78.4986882;
Parque La Vicentina;-0.216696;-78.4890692;
Manuel Miria Borrero y Velasco Ibarra Casa barrial junto a la Iglesia;-0.303487;-78.4331357;
Leonidas Puebla y Lucila Cabezas (Parque Central de Marianas);-0.0828101;-78.418624;
Calixto Muzo S6-571 Estadio Atahualpa;-0.1216616;-78.414835;
Iglesias de Chimbacalle. Colegio Quito. 6 de Diciembre y Amt.;-0.2381493;-78.5161501;
Bonanza y Miguel Guarderas. Casa Comunal;-0.1055709;-78.4200653;
Centro Femenino Ferroviaria Alta;-0.2631217;-78.5171474;
Iglesias de Chimbacalle. Amt.;-0.2401687;-78.5144181;
Parque. calle S59 y Av.Maldonado a dos cuadras al sur del terminal ecovia Guamaní;-0.34208;-78.549158;
CASA BARRIAL VALLE DEL SUR. E4 Y S36A A UNA CUADRA DE LA IGLESIA SAN JOSE OBRERO DE VALLE DEL SUR;-0.3009;-78.5351;
CALLE JUAN CAMACHO Y LIBERTADORES;-0.206485;-78.5254101;
Letamendi y Río Cinto â€œCasa Barrial y UPC;-0.2266617;-78.53165;
CARLOS POLIT Y MANUEL OROZCO JUNTO A LA PLAZOLETA EN LA PARADA DE BUSES;-0.2281682;-78.4835598;
Hidalgo de Pinto. parque Quito Tenis junto a la UPC;-0.1624733;-78.493733;
O Calle 7D - Proyecto Ex Quito Cables;-0.0958285;-78.5079015;
Calle Guachala y Calle Quero. espacio público. parque con cancha de basket.;-0.2292549;-78.4814822;
"Barrio matilde alvarez. calle 6 y Av. Pedro Vicente Maldonado. Alado del centro educativo ""Matilde Álvarez""";-0.3417214;-78.5490593;
Enriqueta Aymer y Pasaje Carlos Mora;-0.1820032;-78.515985;
Manuel maría Recalde y dolores cacuango;-0.2734749;-78.5030854;
LIGA SAN VICENTE DE LA FLORIDA;-0.125993;-78.4855643;
CALACALI-PARQUE CARLOTA JARAMILLO;-0.0014634;-78.5138529;
Lat: -0.096136 Long: -78.402365;-0.0959309;-78.4030771;
CENTRAL;-0.148559467;-78.442007;
CASA COMUNAL (INGRESO AREA COMUNAL);-0.1396130549;-78.42590785;
PARQUE SAUSALITO;-0.3041563;-78.485649;
Bellavista deCalderón. calle pío XII y Roma pasaje estocolmo. el parque dentro del pasaje;-0.0595054;-78.4179385;
"CASA BARRIAL "" COMITE PROMEJORAS BARRIO UNION GEOGRAFICA""";-0.2885568;-78.475215;
Parque Sucre;-0.2176627;-78.500765;
Casa Somos Chillogallo;-0.2759527;-78.5532018;
Casa Somos CEDOC Guamaní;-0.3412023;-78.5598849;
BERNARDO LEÓN. JUAN DÍAZ . DIEGO DE MORA Y HERNANDO SARMIENTO. COMPLEJO RECREACIONAL DEL BARRIO.;-0.12887;-78.50356;
Centro de salud Lucha de Los Pobres y Centro Infantil Fuente de vida;-0.2782775;-78.5220122;
Unidad Educativa Pérez Pallarez. Colegio FESVIP. Comisariato Santa María;-0.2430318;-78.5163223;
E4 Y S36A CASA BARRIAL VALLE DEL SUR;-0.3005373;-78.5354308;
Barrio colectivo;-0.1214988;-78.518186;
BICENTENARIO;-0.061605;-78.452915;
La Comuna;-0.180905;-78.51486;
Punin y 9 de agosto;-0.0985855;-78.4224733;
Patio de comidas El Guambra;-0.205846;-78.499542;
12 de octubre;-0.208013;-78.490239;
PARQUE CENTRAL DE PÍNTAG;-0.3711032;-78.3755206;
PARQUE DE LA ENTRADA DE LA CALLE ALEJANDRO GALARZA;-0.2664502;-78.4999347;
SAN JOSE . 1 PUNTO;-0.3301281;-78.5473083;
Nogales y calle Moisés. Iglesia;-0.1379783;-78.4266045;
PARQUE SAUSALITO;-0.3019833;-78.4840267;
CASA COMUNAL SANTA ISABEL VISTA HERMOSA;-0.33899;-78.4860783;
Casa Barrial Collaquí;-0.176639;-78.397944;
Parque Centro de Salud Rumihurco;-0.0948536;-78.498731;
Pasaje Puerto Baquerizo Moreno;-0.137593368;-78.426582;
Los Ríos y Concepción;-0.2258035;-78.5055437;
Capilla San José de pomasqui;-0.05841219139;-78.46545851;
Calle Carapungo y José Miguel Guarderas;-0.0973763;-78.4378144;
CALLE S2 Y CALLE E13 A 1.5 KMS DEL TREBOL EN LA AUTOPISTA GENERAL RUMIÑAHUI;-0.2269399764;-78.49231989;
CALLE A Y PASAJE A PARQUE INFANTIL Y CASA BARRIAL JUNTO A LA IGLESIA;-0.2406652781;-78.48167635;
Calle Goyan y Quijano, en la cancha de Basket, frente a la guarderia del Mies;-0.2290148;-78.5160347;
Espacio deportivo;-0.078921;-78.472925;
Parque esquina N calle 78 y N calle 79;-0.0936803203;-78.50044175;
Iglesia de la Biloxi. Aldeas SOS;-0.2520228;-78.5482331;
